"090055","P1900140","FCFS","143 Preferential tariff quota","TN","","2019-11-01","FCFS Quota number P1900140 for geography TN : Tunisia on Potatoes, fresh or chilled",""
"090092","P1900140","FCFS","143 Preferential tariff quota","TN","","2019-11-01","FCFS Quota number P1900140 for geography TN : Tunisia on Preserved pineapple and other fruits",""
"090093","P1900140","FCFS","143 Preferential tariff quota","TN","","2019-11-01","FCFS Quota number P1900140 for geography TN : Tunisia on Fruit juices",""
"090671","P1900220","FCFS","143 Preferential tariff quota","FO","","2019-11-01","FCFS Quota number P1900220 for geography FO : Faroe Islands on trouts","N"
"090672","P1900220","FCFS","143 Preferential tariff quota","FO","","2019-11-01","FCFS Quota number P1900220 for geography FO : Faroe Islands on Coalfish (Pollachius Virens), salted and dried","N"
"090674","P1900220","FCFS","143 Preferential tariff quota","FO","","2019-11-01","FCFS Quota number P1900220 for geography FO : Faroe Islands on Common whelk (Buccinum Undatum), live, fresh or chilled, frozen, prepared or preserved","N"
"090675","P1900220","FCFS","143 Preferential tariff quota","FO","","2019-11-01","FCFS Quota number P1900220 for geography FO : Faroe Islands on Prepared or preserved fish; caviar and caviar substitutes prepared from fish eggs: salmon","N"
"090676","P1900220","FCFS","143 Preferential tariff quota","FO","","2019-11-01","FCFS Quota number P1900220 for geography FO : Faroe Islands on Crab of the species Geryon affinis, frozen","N"
"090679","P1900220","FCFS","143 Preferential tariff quota","FO","","2019-11-01","FCFS Quota number P1900220 for geography FO : Faroe Islands on conserves de crevettes","N"
"090681","P1900220","FCFS","143 Preferential tariff quota","FO","","2019-11-01","FCFS Quota number P1900220 for geography FO : Faroe Islands on Prepared or preserved fish; caviar and caviar substitutes prepared from fish eggs","N"
"090689","P1900220","FCFS","143 Preferential tariff quota","FO","","2019-11-01","FCFS Quota number P1900220 for geography FO : Faroe Islands on Freedingstuffs for fish","N"
"090690","P1900220","FCFS","143 Preferential tariff quota","FO","","2019-11-01","FCFS Quota number P1900220 for geography FO : Faroe Islands on boneless lamb","N"
"090703","P1900400","FCFS","143 Preferential tariff quota","NO","","2019-11-01","FCFS Quota number P1900400 for geography NO : Norway on Dried, salted but not smoked cod, excluding cod of the species Gadus macrocephalus. Dried, salted but not smoked fish of the species Boreogadus saida.","N"
"090709","P1900400","FCFS","143 Preferential tariff quota","NO","","2019-11-01","FCFS Quota number P1900400 for geography NO : Norway on Waters, ..., and other non-alcoholic beverages ...","N"
"090710","P1900400","FCFS","143 Preferential tariff quota","NO","","2019-11-01","FCFS Quota number P1900400 for geography NO : Norway on Herrings (Clupea harengus, Clupea pallasii), frozen, excluding livers and roes.","N"
"090712","P1900400","FCFS","143 Preferential tariff quota","NO","","2019-11-01","FCFS Quota number P1900400 for geography NO : Norway on Mackerel (scomber scombrus and Scomber japonicus), frozen, excluding livers and roes.","N"
"090713","P1900400","FCFS","143 Preferential tariff quota","NO","","2019-11-01","FCFS Quota number P1900400 for geography NO : Norway on Other fish, frozen, excluding livers and roes.","N"
"090714","P1900400","FCFS","143 Preferential tariff quota","NO","","2019-11-01","FCFS Quota number P1900400 for geography NO : Norway on Fillets of herrings (Clupea harengus, Clupea pallasii), frozen. Flaps of herrings (Clupea harengus, Clupea pallasii), frozen.","N"
"090722","P1900400","FCFS","143 Preferential tariff quota","NO","","2019-11-01","FCFS Quota number P1900400 for geography NO : Norway on Frozen meat of swordfish, cod, coalfish, haddock, hake, blue whiting, Alaska pollack, saltwater fish, excluding mackerel","N"
"090723","P1900400","FCFS","143 Preferential tariff quota","NO","","2019-11-01","FCFS Quota number P1900400 for geography NO : Norway on Herrings (Clupea harengus, Clupea pallasii), fresh, chilled or frozen","N"
"090725","P1900400","FCFS","143 Preferential tariff quota","NO","","2019-11-01","FCFS Quota number P1900400 for geography NO : Norway on Mackerel (scomber scombrus, Scomber japonicus), frozen","N"
"090730","P1900400","FCFS","143 Preferential tariff quota","NO","","2019-11-01","FCFS Quota number P1900400 for geography NO : Norway on Frozen fillets of swordfish, cod, coalfish, haddock, redfish, hake, plaice, monkfish, Alaska pollack, blue grenadier Other frozen fillets","N"
"090732","P1900400","FCFS","143 Preferential tariff quota","NO","","2019-11-01","FCFS Quota number P1900400 for geography NO : Norway on Smoked Pacific salmon (Oncorhynchus nerka, Oncorhynchus gorbuscha, Oncorhynchus keta, Oncorhynchus tschawytscha, Oncorhynchus kisutch, Oncorhynchus masou and Oncorhynchus rhodurus), Atlantic salmon (Salmo salar) and Danube salmon (Hucho hucho)","N"
"090733","P1900400","FCFS","143 Preferential tariff quota","NO","","2019-11-01","FCFS Quota number P1900400 for geography NO : Norway on Smoked fish other than Pacific salmon (Oncorhynchus nerka, Oncorhynchus gorbuscha, Oncorhynchus keta, Oncorhynchus tschawytscha, Oncorhynchus kisutch, Oncorhynchus masou and Oncorhynchus rhodurus), Atlantic salmon (Salmo salar) and Danube salmon (Hucho hucho), ","N"
"090734","P1900400","FCFS","143 Preferential tariff quota","NO","","2019-11-01","FCFS Quota number P1900400 for geography NO : Norway on Other fish, salted but not dried or smoked and fish in brine","N"
"090735","P1900400","FCFS","143 Preferential tariff quota","NO","","2019-11-01","FCFS Quota number P1900400 for geography NO : Norway on Herrings (Clupea harengus, Clupea pallasii), salted but not dried or smoked and herrings in brine","N"
"090736","P1900400","FCFS","143 Preferential tariff quota","NO","","2019-11-01","FCFS Quota number P1900400 for geography NO : Norway on Frozen Pandalidae shrimps Frozen Norway lobsters (Nephrops norvegicus)","N"
"090738","P1900400","FCFS","143 Preferential tariff quota","NO","","2019-11-01","FCFS Quota number P1900400 for geography NO : Norway on Pandalidae shrimps, not frozen, for processing Norway lobsters (Nephrops norvegicus), not frozen","N"
"090745","P1900400","FCFS","143 Preferential tariff quota","NO","","2019-11-01","FCFS Quota number P1900400 for geography NO : Norway on Peeled and frozen shrimps and prawns","N"
"090749","P1900400","FCFS","143 Preferential tariff quota","NO","","2019-11-01","FCFS Quota number P1900400 for geography NO : Norway on Shrimps and prawns, peeled and frozen, prepared or preserved.","N"
"090750","P1900400","FCFS","143 Preferential tariff quota","NO","","2019-11-01","FCFS Quota number P1900400 for geography NO : Norway on Herring, spiced and/or vinegar cured, in brine.","N"
"090752","P1900400","FCFS","143 Preferential tariff quota","NO","","2019-11-01","FCFS Quota number P1900400 for geography NO : Norway on Herrings of the species Clupea harengus or Clupea pallasii, frozen, excluding livers and roes, for industrial processing (a)(2)","N"
"090756","P1900400","FCFS","143 Preferential tariff quota","NO","","2019-11-01","FCFS Quota number P1900400 for geography NO : Norway on Fillets of herring, frozen; flaps of herring (butterflies), frozen, for industrial processing (a)(2)","N"
"090779","P1900400","FCFS","143 Preferential tariff quota","NO","","2019-11-01","FCFS Quota number P1900400 for geography NO : Norway on Freedingstuffs for fish","N"
"090793","P1900390","FCFS","143 Preferential tariff quota","IS","","2019-11-01","FCFS Quota number P1900390 for geography IS : Iceland on Pacific salmon (Oncorhynchus nerka, Oncorhynchus gorbuscha, Oncorhynchus keta, Oncorhynchus tschawytscha, Oncorhynchus kisutch, Oncorhynchus masou and Oncorhynchus rhodurus), Atlantic salmon (Salmo salar) and Danube salmon (Hucho hucho)","N"
"090794","P1900390","FCFS","143 Preferential tariff quota","IS","","2019-11-01","FCFS Quota number P1900390 for geography IS : Iceland on Sole, Megrim and other flat fish","N"
"090796","P1900390","FCFS","143 Preferential tariff quota","IS","","2019-11-01","FCFS Quota number P1900390 for geography IS : Iceland on Frozen Norway lobsters (Nephrops norvegicus) from 1/08/2016: Frozen Norway lobsters (Nephrops norvegicus), excluding smoked Norway lobsters","N"
"090811","P1900390","FCFS","143 Preferential tariff quota","IS","","2019-11-01","FCFS Quota number P1900390 for geography IS : Iceland on Fillets of redfish, fresh or chilled ","N"
"090812","P1900390","FCFS","143 Preferential tariff quota","IS","","2019-11-01","FCFS Quota number P1900390 for geography IS : Iceland on Herrings of the species Clupea harengus or Clupea pallasii, frozen, excluding livers and roes.","N"
"090818","P1900400","FCFS","143 Preferential tariff quota","NO","","2019-11-01","FCFS Quota number P1900400 for geography NO : Norway on Fillets of mackerel, frozen Flaps of mackerel, frozen","N"
"090820","P1900400","FCFS","143 Preferential tariff quota","NO","","2019-11-01","FCFS Quota number P1900400 for geography NO : Norway on Flours, meals and pellets of fish, fit for human consumption ","N"
"090833","P1900390","FCFS","143 Preferential tariff quota","IS","","2019-11-01","FCFS Quota number P1900390 for geography IS : Iceland on Lamb and goat meat","N"
"090919","P1900030","FCFS","143 Preferential tariff quota","CH","","2019-11-01","FCFS Quota number P1900030 for geography CH : Switzerland on Hams of domestic swine, in brine, boneless, enclosed in a bladder or in an artificial gut Meat of domestic swine, boneless, from chop, smoked Sausages and similar products, of meat, meat offal or blood; food preparations based on these products, of animals of headings, excluding wild boars Pork neck, dried in air, seasoned or not, whole, in pieces or thinly sliced ","N"
"090921","P1900030","FCFS","143 Preferential tariff quota","CH","","2019-11-01","FCFS Quota number P1900030 for geography CH : Switzerland on Seed potatoes, fresh or chilled","N"
"090922","P1900030","FCFS","143 Preferential tariff quota","CH","","2019-11-01","FCFS Quota number P1900030 for geography CH : Switzerland on Tomatoes, fresh or chilled","N"
"090923","P1900030","FCFS","143 Preferential tariff quota","CH","","2019-11-01","FCFS Quota number P1900030 for geography CH : Switzerland on Onions, fresh or chilled","N"
"090924","P1900030","FCFS","143 Preferential tariff quota","CH","","2019-11-01","FCFS Quota number P1900030 for geography CH : Switzerland on Cabbages and the like, fresh or chilled","N"
"090925","P1900030","FCFS","143 Preferential tariff quota","CH","","2019-11-01","FCFS Quota number P1900030 for geography CH : Switzerland on Lettuce and chicory, fresh or chilled","N"
"090926","P1900030","FCFS","143 Preferential tariff quota","CH","","2019-11-01","FCFS Quota number P1900030 for geography CH : Switzerland on Carrots and turnips, fresh or chilled","N"
"090927","P1900030","FCFS","143 Preferential tariff quota","CH","","2019-11-01","FCFS Quota number P1900030 for geography CH : Switzerland on Edible root vegetables, fresh or chilled","N"
"090928","P1900030","FCFS","143 Preferential tariff quota","CH","","2019-11-01","FCFS Quota number P1900030 for geography CH : Switzerland on Cucumbers, fresh or chilled","N"
"090929","P1900030","FCFS","143 Preferential tariff quota","CH","","2019-11-01","FCFS Quota number P1900030 for geography CH : Switzerland on Beans, fresh or chilled","N"
"090930","P1900030","FCFS","143 Preferential tariff quota","CH","","2019-11-01","FCFS Quota number P1900030 for geography CH : Switzerland on Aubergines, fresh or chilled","N"
"090931","P1900030","FCFS","143 Preferential tariff quota","CH","","2019-11-01","FCFS Quota number P1900030 for geography CH : Switzerland on Celery, fresh or chilled","N"
"090932","P1900030","FCFS","143 Preferential tariff quota","CH","","2019-11-01","FCFS Quota number P1900030 for geography CH : Switzerland on Spinach, fresh or chilled","N"
"090933","P1900030","FCFS","143 Preferential tariff quota","CH","","2019-11-01","FCFS Quota number P1900030 for geography CH : Switzerland on Salad vegetables, fresh or chilled","N"
"090934","P1900030","FCFS","143 Preferential tariff quota","CH","","2019-11-01","FCFS Quota number P1900030 for geography CH : Switzerland on Fennel, fresh or chilled","N"
"090935","P1900030","FCFS","143 Preferential tariff quota","CH","","2019-11-01","FCFS Quota number P1900030 for geography CH : Switzerland on Courgettes, fresh or chilled","N"
"090936","P1900030","FCFS","143 Preferential tariff quota","CH","","2019-11-01","FCFS Quota number P1900030 for geography CH : Switzerland on Other vegetables, fresh or chilled","N"
"090937","P1900030","FCFS","143 Preferential tariff quota","CH","","2019-11-01","FCFS Quota number P1900030 for geography CH : Switzerland on Apples, other than cider apples, fresh","N"
"090938","P1900030","FCFS","143 Preferential tariff quota","CH","","2019-11-01","FCFS Quota number P1900030 for geography CH : Switzerland on Pears and quinces, fresh","N"
"090939","P1900030","FCFS","143 Preferential tariff quota","CH","","2019-11-01","FCFS Quota number P1900030 for geography CH : Switzerland on Apricots, fresh","N"
"090940","P1900030","FCFS","143 Preferential tariff quota","CH","","2019-11-01","FCFS Quota number P1900030 for geography CH : Switzerland on Sweet cherries, fresh","N"
"090941","P1900030","FCFS","143 Preferential tariff quota","CH","","2019-11-01","FCFS Quota number P1900030 for geography CH : Switzerland on Plums and sloes, fresh","N"
"090942","P1900030","FCFS","143 Preferential tariff quota","CH","","2019-11-01","FCFS Quota number P1900030 for geography CH : Switzerland on Raspberries, fresh","N"
"090943","P1900030","FCFS","143 Preferential tariff quota","CH","","2019-11-01","FCFS Quota number P1900030 for geography CH : Switzerland on Blackberries, mulberries and loganberries, fresh","N"
"090944","P1900030","FCFS","143 Preferential tariff quota","CH","","2019-11-01","FCFS Quota number P1900030 for geography CH : Switzerland on Flour, meal and powder of bananas","N"
"090945","P1900030","FCFS","143 Preferential tariff quota","CH","","2019-11-01","FCFS Quota number P1900030 for geography CH : Switzerland on Potatoes","N"
"090946","P1900030","FCFS","143 Preferential tariff quota","CH","","2019-11-01","FCFS Quota number P1900030 for geography CH : Switzerland on Cherries","N"
"090948","P1900030","FCFS","143 Preferential tariff quota","CH","","2019-11-01","FCFS Quota number P1900030 for geography CH : Switzerland on strawberries 0810 10 00","N"
"090950","P1900030","FCFS","143 Preferential tariff quota","CH","","2019-11-01","FCFS Quota number P1900030 for geography CH : Switzerland on Chard or white beet and cardoons 0709 90 20","N"
"091201","P1900140","FCFS","143 Preferential tariff quota","TN","","2019-11-01","FCFS Quota number P1900140 for geography TN : Tunisia on Prepared or preserved sardines of the species Sardina pilchardus",""
"091203","P1900140","FCFS","143 Preferential tariff quota","TN","","2019-11-01","FCFS Quota number P1900140 for geography TN : Tunisia on Apricot pulp, not containing added spirit or sugar, in immediate packings of a net content of 4, 5 kg or more",""
"091205","P1900140","FCFS","143 Preferential tariff quota","TN","","2019-11-01","FCFS Quota number P1900140 for geography TN : Tunisia on Wines entitled to one of the following designations of origin: Coteaux de Tebourda, Coteaux d'Utique, Sidi-Salem, Kelibia, Thibar, Mornag, Grand cru Mornag, of an actual alcoholic strength by volume of 15% vol or less and in containers holding 2 l or less",""
"091207","P1900140","FCFS","143 Preferential tariff quota","TN","","2019-11-01","FCFS Quota number P1900140 for geography TN : Tunisia on Fresh oranges",""
"091209","P1900140","FCFS","143 Preferential tariff quota","TN","","2019-11-01","FCFS Quota number P1900140 for geography TN : Tunisia on Other sparkling wine Other wine of fresh grapes",""
"091211","P1900140","FCFS","143 Preferential tariff quota","TN","","2019-11-01","FCFS Quota number P1900140 for geography TN : Tunisia on Fresh cut flowers and flower buds of a kind suitable for bouquets or for ornamental purposes",""
"091213","P1900140","FCFS","143 Preferential tariff quota","TN","","2019-11-01","FCFS Quota number P1900140 for geography TN : Tunisia on New potatoes, fresh or chilled",""
"091215","P1900140","FCFS","143 Preferential tariff quota","TN","","2019-11-01","FCFS Quota number P1900140 for geography TN : Tunisia on Tomatoes prepared or preserved otherwise than by vinegar or acetic acid, other than whole or in pieces, with a dry matter content of not less than 12%",""
"091217","P1900140","FCFS","143 Preferential tariff quota","TN","","2019-11-01","FCFS Quota number P1900140 for geography TN : Tunisia on Mixtures of fruit, not containing added spirit, containing added sugar",""
"091218","P1900140","FCFS","143 Preferential tariff quota","TN","","2019-11-01","FCFS Quota number P1900140 for geography TN : Tunisia on Natural honey",""
"091219","P1900140","FCFS","143 Preferential tariff quota","TN","","2019-11-01","FCFS Quota number P1900140 for geography TN : Tunisia on Olives provisionaly preserved",""
"091220","P1900140","FCFS","143 Preferential tariff quota","TN","","2019-11-01","FCFS Quota number P1900140 for geography TN : Tunisia on Truffles, prepared or preserved otherwise than by vinegar or acetic acid",""
"091300","P1900100","FCFS","143 Preferential tariff quota","IL","","2019-11-01","FCFS Quota number P1900100 for geography IL : Israel on New potatoes, fresh or chilled","N"
"091302","P1900100","FCFS","143 Preferential tariff quota","IL","","2019-11-01","FCFS Quota number P1900100 for geography IL : Israel on Whey","N"
"091303","P1900100","FCFS","143 Preferential tariff quota","IL","","2019-11-01","FCFS Quota number P1900100 for geography IL : Israel on Sweet peppers, fresh or chilled","N"
"091304","P1900100","FCFS","143 Preferential tariff quota","IL","","2019-11-01","FCFS Quota number P1900100 for geography IL : Israel on Cherry tomatoes, fresh or chilled","N"
"091306","P1900100","FCFS","143 Preferential tariff quota","IL","","2019-11-01","FCFS Quota number P1900100 for geography IL : Israel on Fresh cut flowers and flower buds of a kind suitable for bouquets or for ornamental purposes","N"
"091323","P1900100","FCFS","143 Preferential tariff quota","IL","","2019-11-01","FCFS Quota number P1900100 for geography IL : Israel on Oranges, fresh","N"
"091331","P1900100","FCFS","143 Preferential tariff quota","IL","","2019-11-01","FCFS Quota number P1900100 for geography IL : Israel on Orange juice","N"
"091333","P1900100","FCFS","143 Preferential tariff quota","IL","","2019-11-01","FCFS Quota number P1900100 for geography IL : Israel on Orange juice","N"
"091341","P1900100","FCFS","143 Preferential tariff quota","IL","","2019-11-01","FCFS Quota number P1900100 for geography IL : Israel on Other fresh cut flowers and flower buds of a kind suitable for bouquets or for ornamental purposes","N"
"091342","P1900100","FCFS","143 Preferential tariff quota","IL","","2019-11-01","FCFS Quota number P1900100 for geography IL : Israel on Tomatoes, fresh or chilled, other than cherry tomatoes","N"
"091353","P1900100","FCFS","143 Preferential tariff quota","IL","","2019-11-01","FCFS Quota number P1900100 for geography IL : Israel on Sweetcorn, frozen","N"
"091354","P1900100","FCFS","143 Preferential tariff quota","IL","","2019-11-01","FCFS Quota number P1900100 for geography IL : Israel on Sweetcorn, not frozen","N"
"091361","P1900100","FCFS","143 Preferential tariff quota","IL","","2019-11-01","FCFS Quota number P1900100 for geography IL : Israel on Live turkeys weighing not more than 185 g","N"
"091368","P1900100","FCFS","143 Preferential tariff quota","IL","","2019-11-01","FCFS Quota number P1900100 for geography IL : Israel on Cucumbers, fresh or chilled","N"
"091369","P1900100","FCFS","143 Preferential tariff quota","IL","","2019-11-01","FCFS Quota number P1900100 for geography IL : Israel on Dried tomatoes, whole, cut, sliced, broken or in powder, but not further prepared","N"
"091370","P1900100","FCFS","143 Preferential tariff quota","IL","","2019-11-01","FCFS Quota number P1900100 for geography IL : Israel on Clementines, mandarins and wilkings, fresh","N"
"091371","P1900100","FCFS","143 Preferential tariff quota","IL","","2019-11-01","FCFS Quota number P1900100 for geography IL : Israel on Clementines, mandarins and wilkings, fresh","N"
"091372","P1900100","FCFS","143 Preferential tariff quota","IL","","2019-11-01","FCFS Quota number P1900100 for geography IL : Israel on Prepared or preserved meat, meat offal or blood of turkeys, containing 57 % or more by weight of poultry meat or offal, other than exclusively uncooked turkey meat. Prepared or preserved meat, meat offal or blood of turkeys, containing 25 % or more but less than 57 % by weight of poultry meat or offal.","N"
"091373","P1900100","FCFS","143 Preferential tariff quota","IL","","2019-11-01","FCFS Quota number P1900100 for geography IL : Israel on Prepared or preserved meat, meat offal or blood of fowls of the species Gallus domesticus, containing 57% or more by weight of poultry meat or offal, other than uncooked. Prepared or preserved meat, meat offal or blood of fowls of the species Gallus domesticus, containing 25% or more but less than 57% by weight of poultry meat or offal.","N"
"091374","P1900100","FCFS","143 Preferential tariff quota","IL","","2019-11-01","FCFS Quota number P1900100 for geography IL : Israel on Chewing gum whether or not sugar-coated, not containing cocoa, containing 60 % or more by weight of sucrose (including invert sugar expressed as sucrose)","N"
"091375","P1900100","FCFS","143 Preferential tariff quota","IL","","2019-11-01","FCFS Quota number P1900100 for geography IL : Israel on Cocoa powder containing 5% or more by weight of sucrose (including invert sugar expressed as sucrose) or isoglucose expressed as sucrose. Other food preparations containing cocoa in blocks, slabs or bars weighing more than 2 kg or in liquid, paste, powder, granular or other bulk form in containers or immediate packings, of a content exceeding 2 kg","N"
"091376","P1900100","FCFS","143 Preferential tariff quota","IL","","2019-11-01","FCFS Quota number P1900100 for geography IL : Israel on Gingerbread and the like, containing by weight 30 % or more of sucrose (including invert sugar expressed as sucrose)","N"
"091377","P1900100","FCFS","143 Preferential tariff quota","IL","","2019-11-01","FCFS Quota number P1900100 for geography IL : Israel on Tomatoes, prepared or preserved otherwise than by vinegar or acetic acid, with a dry matter content of more than 30 % by weight","N"
"091378","P1900100","FCFS","143 Preferential tariff quota","IL","","2019-11-01","FCFS Quota number P1900100 for geography IL : Israel on Slices of peaches, fried in oil, not containing added spirit, with a sugar content exceeding 15 % by weight, in immediate packings of a net content not exceeding 1 kg","N"
"091379","P1900100","FCFS","143 Preferential tariff quota","IL","","2019-11-01","FCFS Quota number P1900100 for geography IL : Israel on Mixtures of citrus juices","N"
"091380","P1900100","FCFS","143 Preferential tariff quota","IL","","2019-11-01","FCFS Quota number P1900100 for geography IL : Israel on Wine of fresh grapes, including fortified wines; grape must other than that of heading 2009","N"
"091397","P1900100","FCFS","143 Preferential tariff quota","IL","","2019-11-01","FCFS Quota number P1900100 for geography IL : Israel on Melons fresh, other than watermelons","N"
"091398","P1900100","FCFS","143 Preferential tariff quota","IL","","2019-11-01","FCFS Quota number P1900100 for geography IL : Israel on Strawberries, fresh","N"
"091399","P1900100","FCFS","143 Preferential tariff quota","IL","","2019-11-01","FCFS Quota number P1900100 for geography IL : Israel on Glues based on starches, or on dextrins or other modified starches","N"
"091506","P1900160","FCFS","143 Preferential tariff quota","XK","","2019-11-01","FCFS Quota number P1900160 for geography XK : Kosovo (As defined by United Nations Security Council Resolution 1244 of 10 June 1999) on Trout (Salmo trutta, Oncorhynchus mykiss, Oncorhynchus clarki, Oncorhynchus aguabonita, Oncorhynchus gilae, Oncorhynchus apache and Oncorhynchus chrysogaster): live; fresh or chilled; frozen; dried, salted or in brine, smoked; fillets and other fish meat; flours, meals and pellets, fit for human consumption",""
"091508","P1900160","FCFS","143 Preferential tariff quota","XK","","2019-11-01","FCFS Quota number P1900160 for geography XK : Kosovo (As defined by United Nations Security Council Resolution 1244 of 10 June 1999) on Carp - live; fresh or chilled; frozen; dried, salted or in brine, smoked; fillets and other fish meat; flours, meals and pellets, fit for human consumption",""
"091530","P1900160","FCFS","143 Preferential tariff quota","XK, MK, ME, AL, XS","","2019-11-01","FCFS Quota number P1900160 for Balkan countries on Wine of fresh grapes, of an actual alcoholic strength by volume not exceeding 15% vol, other than sparkling wine",""
"091560","P1900160","FCFS","143 Preferential tariff quota","XK","","2019-11-01","FCFS Quota number P1900160 for geography XK : Kosovo (As defined by United Nations Security Council Resolution 1244 of 10 June 1999) on Wine of fresh grapes, of an actual alcoholic strength by volume not exceeding 15% vol, other than sparkling wine",""
"091570","P1900160","FCFS","143 Preferential tariff quota","XK","","2019-11-01","FCFS Quota number P1900160 for geography XK : Kosovo (As defined by United Nations Security Council Resolution 1244 of 10 June 1999) on Wine of fresh grapes",""
"091571","P1900160","FCFS","143 Preferential tariff quota","XK","","2019-11-01","FCFS Quota number P1900160 for geography XK : Kosovo (As defined by United Nations Security Council Resolution 1244 of 10 June 1999) on Trout",""
"091572","P1900160","FCFS","143 Preferential tariff quota","XK","","2019-11-01","FCFS Quota number P1900160 for geography XK : Kosovo (As defined by United Nations Security Council Resolution 1244 of 10 June 1999) on Quality sparkling wine; wine of fresh grapes, in containers holding 2 litres or less",""
"091573","P1900160","FCFS","143 Preferential tariff quota","XK","","2019-11-01","FCFS Quota number P1900160 for geography XK : Kosovo (As defined by United Nations Security Council Resolution 1244 of 10 June 1999) on Carp",""
"091575","P1900160","FCFS","143 Preferential tariff quota","XK","","2019-11-01","FCFS Quota number P1900160 for geography XK : Kosovo (As defined by United Nations Security Council Resolution 1244 of 10 June 1999) on Sea bream",""
"091577","P1900160","FCFS","143 Preferential tariff quota","XK","","2019-11-01","FCFS Quota number P1900160 for geography XK : Kosovo (As defined by United Nations Security Council Resolution 1244 of 10 June 1999) on Sea bass",""
"091600","P1900040","FCFS","143 Preferential tariff quota","NA","","2019-11-01","FCFS Quota number P1900040 for geography NA : Namibia on Prepared or preserved Albacore tuna (Thunnus alalunga) of HS Heading 1604, manufactured from non–originating Albacore tuna of HS Headings 0302 or 0303 (Commission Regulation (EU) 2017/882 (24.5.2017)",""
"091611","P1900060","FCFS","143 Preferential tariff quota","MU","","2019-11-01","FCFS Quota number P1900060 for geography MU : Mauritius on snoek (barracouta), salted",""
"091618","P1900060","FCFS","143 Preferential tariff quota","MG, MU, SC","","2019-11-01","#N/A","N"
"091619","P1900060","FCFS","143 Preferential tariff quota","MG, MU, SC","","2019-11-01","#N/A","N"
"091801","P1900040","FCFS","143 Preferential tariff quota","ZA","","2019-11-01","FCFS Quota number P1900040 for geography ZA : South Africa on Milk and cream, concentrated or containing added sugar or other sweetening matter, in powder, granules or in solid forms, of a fat content, by weight, not exceeding 1.5%",""
"091802","P1900040","FCFS","143 Preferential tariff quota","ZA","","2019-11-01","FCFS Quota number P1900040 for geography ZA : South Africa on Butter",""
"091804","P1900040","FCFS","143 Preferential tariff quota","ZA","","2019-11-01","FCFS Quota number P1900040 for geography ZA : South Africa on Strawberries, frozen",""
"091806","P1900040","FCFS","143 Preferential tariff quota","ZA","","2019-11-01","FCFS Quota number P1900040 for geography ZA : South Africa on Cane sugar for refining and white sugar, not containing added flavouring or colouring matter",""
"091808","P1900040","FCFS","143 Preferential tariff quota","ZA","","2019-11-01","FCFS Quota number P1900040 for geography ZA : South Africa on Cane sugar for refining, not containing added flavouring or colouring matter",""
"091818","P1900040","FCFS","143 Preferential tariff quota","ZA","","2019-11-01","FCFS Quota number P1900040 for geography ZA : South Africa on Glucose and glucose syrup, in the form of white crystalline powder, whether or not agglomerated, not containing fructose or containing in the dry state less than 20% by weight of fructose",""
"091820","P1900040","FCFS","143 Preferential tariff quota","ZA","","2019-11-01","FCFS Quota number P1900040 for geography ZA : South Africa on Jams, jellies, marmalades, puree or pastes of citrus fruit, with a sugar content exceeding 13% but not exceeding 30% by weight",""
"091822","P1900040","FCFS","143 Preferential tariff quota","ZA","","2019-11-01","FCFS Quota number P1900040 for geography ZA : South Africa on Fruit purees of pears, apricots, peaches (incl. nectarines) or mixtures (excluding tropical fruit) obtained by sieving then brought to the boil in a vacuum, the texture and chemical composition of which have not been changed by the heat treatment; pears, apricots, peaches (incl. nectarines) or mixtures (excluding tropical fruit), prepared or preserved, not containing added spirit",""
"091824","P1900040","FCFS","143 Preferential tariff quota","ZA","","2019-11-01","FCFS Quota number P1900040 for geography ZA : South Africa on Fruit purées of tropical fruit obtained by sieving then brought to the boil in a vacuum, the texture and chemical composition of which have not been changed by the heat treatment; tropical fruit, prepared or preserved, not containing added spirit",""
"091826","P1900040","FCFS","143 Preferential tariff quota","ZA","","2019-11-01","FCFS Quota number P1900040 for geography ZA : South Africa on Frozen orange juice",""
"091829","P1900040","FCFS","143 Preferential tariff quota","ZA","","2019-11-01","FCFS Quota number P1900040 for geography ZA : South Africa on Apple juice",""
"091830","P1900040","FCFS","143 Preferential tariff quota","ZA","","2019-11-01","FCFS Quota number P1900040 for geography ZA : South Africa on Active yeasts, other than culture yeast and baker's yeast",""
"091892","P1900040","FCFS","143 Preferential tariff quota","ZA","","2019-11-01","FCFS Quota number P1900040 for geography ZA : South Africa on Wines, in containers holding 2 litres or less, of an actual alcoholic strength by volume not exceeding 18% vol. From 1.9 to 31.12 each year, this tariff quota is also available for wines, in any volume of container, of an actual alcoholic strength by volume not exceeding 18% vol",""
"091893","P1900040","FCFS","143 Preferential tariff quota","ZA","","2019-11-01","FCFS Quota number P1900040 for geography ZA : South Africa on Wines of an actual alcoholic strength by volume not exceeding 18% vol. ",""
"091894","P1900040","FCFS","143 Preferential tariff quota","ZA","","2019-11-01","FCFS Quota number P1900040 for geography ZA : South Africa on Undenatured ethyl alcohol of an alcoholic strength by volume of 80% vol. or higher; ethyl alcohol and other spirits, denatured, of any strength",""
"092129","P1900220","FCFS","143 Preferential tariff quota","FO","","2019-11-01","FCFS Quota number P1900220 for geography FO : Faroe Islands on Lamb and goat meat","N"
"092130","P1900220","FCFS","143 Preferential tariff quota","FO","","2019-11-01","FCFS Quota number P1900220 for geography FO : Faroe Islands on Lamb and goat meat","N"
"092450","P1900020","FCFS","143 Preferential tariff quota","KR","","2019-11-01","FCFS Quota number P1900020 for geography KR : Korea, Republic of (South Korea) on Preparations of surimi",""
"092451","P1900020","FCFS","143 Preferential tariff quota","KR","","2019-11-01","FCFS Quota number P1900020 for geography KR : Korea, Republic of (South Korea) on Biscuits",""
"092452","P1900020","FCFS","143 Preferential tariff quota","KR","","2019-11-01","FCFS Quota number P1900020 for geography KR : Korea, Republic of (South Korea) on Cigarettes containing tobacco",""
"092453","P1900020","FCFS","143 Preferential tariff quota","KR","","2019-11-01","FCFS Quota number P1900020 for geography KR : Korea, Republic of (South Korea) on Cotton sewing thread, whether or not put up for retail sale",""
"092454","P1900020","FCFS","143 Preferential tariff quota","KR","","2019-11-01","FCFS Quota number P1900020 for geography KR : Korea, Republic of (South Korea) on Cotton yarm (other than sewing thread) containing 85% or more by weight of cotton, not put up for retail sale",""
"092455","P1900020","FCFS","143 Preferential tariff quota","KR","","2019-11-01","FCFS Quota number P1900020 for geography KR : Korea, Republic of (South Korea) on Cotton yarm (other than sewing thread) containing less than 85% by weight of cotton, not put up for retail sale",""
"092456","P1900020","FCFS","143 Preferential tariff quota","KR","","2019-11-01","FCFS Quota number P1900020 for geography KR : Korea, Republic of (South Korea) on Cotton yarm (other than sewing thread), not put up for retail sale",""
"092457","P1900020","FCFS","143 Preferential tariff quota","KR","","2019-11-01","FCFS Quota number P1900020 for geography KR : Korea, Republic of (South Korea) on Woven fabrics of artificial filament yarm, including woven fabrics obtained from materials of heading",""
"092458","P1900020","FCFS","143 Preferential tariff quota","KR","","2019-11-01","FCFS Quota number P1900020 for geography KR : Korea, Republic of (South Korea) on Sewing thread of man-made staple fibres, whether or not put up for retail sale",""
"092459","P1900020","FCFS","143 Preferential tariff quota","KR","","2019-11-01","FCFS Quota number P1900020 for geography KR : Korea, Republic of (South Korea) on Yarm (other than sewing thread) of synthetic staple fibres, not put up for retail sale",""
"092460","P1900020","FCFS","143 Preferential tariff quota","KR","","2019-11-01","FCFS Quota number P1900020 for geography KR : Korea, Republic of (South Korea) on Yarn (other than sewing thread) of artificial staple fibres, not put up for retail sale",""
"092461","P1900020","FCFS","143 Preferential tariff quota","KR","","2019-11-01","FCFS Quota number P1900020 for geography KR : Korea, Republic of (South Korea) on Yarn (other than sewing thread)of man-made staple fibres, not put up for retail sale",""
"094032","P1900140","Licensed","143 Preferential tariff quota","TN","","2019-11-01","Licensed Quota number P1900140 for geography TN : Tunisia on Olive oil",""
"094091","P1900100","Licensed","143 Preferential tariff quota","IL","","2019-11-01","Licensed Quota number P1900100 for geography IL : Israel on Meat and edibile offal of ducks and geese","N"
"094092","P1900100","Licensed","143 Preferential tariff quota","IL","","2019-11-01","Licensed Quota number P1900100 for geography IL : Israel on Turkey cuts (bone and boneless), frozen","N"
"094155","P1900030","Licensed","143 Preferential tariff quota","CH","","2019-11-01","Licensed Quota number P1900030 for geography CH : Switzerland on Cream and yogurt","N"
"094179","P1900400","Licensed","143 Preferential tariff quota","NO","","2019-11-01","Licensed Quota number P1900400 for geography NO : Norway on Cheese and curd","N"
"094200","P1900160","Licensed","143 Preferential tariff quota","XK","","2019-11-01","Licensed Quota number P1900160 for geography XK : Kosovo (As defined by United Nations Security Council Resolution 1244 of 10 June 1999) on Baby Beef",""
"094202","P1900030","Licensed","143 Preferential tariff quota","CH","","2019-11-01","Licensed Quota number P1900030 for geography CH : Switzerland on Viande des Grisons","N"
"094203","P1900030","Licensed","143 Preferential tariff quota","CH","","2019-11-01","Licensed Quota number P1900030 for geography CH : Switzerland on Live Cattle","N"
"094226","P1900390","Licensed","143 Preferential tariff quota","IS","","2019-11-01","Licensed Quota number P1900390 for geography IS : Iceland on Skyr","N"
"094326","P1900160","Licensed","143 Preferential tariff quota","XK, XS","","2019-11-01","#N/A",""
"097014","P1900130","FCFS","143 Preferential tariff quota","2200","","2019-11-01","FCFS Quota number P1900130 for geography 2200 : Central America on Tuna loins",""
"097015","P1900130","FCFS","143 Preferential tariff quota","2200","","2019-11-01","FCFS Quota number P1900130 for geography 2200 : Central America on Other plates, sheets, film, foil and strip, of plastics, non-cellular and not reinforced, laminated, supported or similarly combined with other materials",""
"097016","P1900130","FCFS","143 Preferential tariff quota","2200","","2019-11-01","FCFS Quota number P1900130 for geography 2200 : Central America on Ignition wiring sets and other wiring sets of a kind used in vehicles, aircraft or ships Other electric conductors, for a voltage not exceeding 1 000 V, fitted with connectors Other electric conductors, for a voltage not exceeding 1 000 V, not fitted with connectors Other electric conductors, for a voltage exceeding 1 000 V ",""
"097017","P1900130","FCFS","143 Preferential tariff quota","CR","","2019-11-01","FCFS Quota number P1900130 for geography CR : Costa Rica on Men's or boys' trousers, bib and brace overalls, breeches and shorts (other than swimwear), knitted or crocheted, of synthetic fibres",""
"097018","P1900130","FCFS","143 Preferential tariff quota","CR","","2019-11-01","FCFS Quota number P1900130 for geography CR : Costa Rica on Men's or boys' shirts, knitted or crocheted, of cotton",""
"097019","P1900130","FCFS","143 Preferential tariff quota","CR","","2019-11-01","FCFS Quota number P1900130 for geography CR : Costa Rica on Men's or boys' shirts, knitted or crocheted, of other textile materials",""
"097020","P1900130","FCFS","143 Preferential tariff quota","CR","","2019-11-01","FCFS Quota number P1900130 for geography CR : Costa Rica on Women's or girls' blouses, shirts and shirt-blouses, knitted or crocheted, of cotton",""
"097021","P1900130","FCFS","143 Preferential tariff quota","CR","","2019-11-01","FCFS Quota number P1900130 for geography CR : Costa Rica on Men's or boys' underpants and briefs, knitted or crocheted, of cotton",""
"097022","P1900130","FCFS","143 Preferential tariff quota","CR","","2019-11-01","FCFS Quota number P1900130 for geography CR : Costa Rica on Men's or boys' underpants and briefs, knitted or crocheted, of other textile materials",""
"097023","P1900130","FCFS","143 Preferential tariff quota","CR","","2019-11-01","FCFS Quota number P1900130 for geography CR : Costa Rica on Women's or girls' briefs and panties, knitted or crocheted, of cotton",""
"097024","P1900130","FCFS","143 Preferential tariff quota","CR","","2019-11-01","FCFS Quota number P1900130 for geography CR : Costa Rica on Women's or girls' briefs and panties, knitted or crocheted, of man-made fibres",""
"097025","P1900130","FCFS","143 Preferential tariff quota","CR","","2019-11-01","FCFS Quota number P1900130 for geography CR : Costa Rica on T-shirts, singlets and other vests, knitted or crocheted, of cotton",""
"097026","P1900130","FCFS","143 Preferential tariff quota","CR","","2019-11-01","FCFS Quota number P1900130 for geography CR : Costa Rica on Babies' garments and clothing accessories, knitted or crocheted, of cotton",""
"097027","P1900130","FCFS","143 Preferential tariff quota","CR","","2019-11-01","FCFS Quota number P1900130 for geography CR : Costa Rica on Women's or girls' swimwear, knitted or crocheted, of synthetic fibres",""
"097028","P1900130","FCFS","143 Preferential tariff quota","CR","","2019-11-01","FCFS Quota number P1900130 for geography CR : Costa Rica on Other garments, knitted or crocheted, of man-made fibres",""
"097029","P1900130","FCFS","143 Preferential tariff quota","CR","","2019-11-01","FCFS Quota number P1900130 for geography CR : Costa Rica on Pantyhose, tights, stockings, socks and other hosiery, including graduated compression hosiery (for example, stockings for varicose veins) and footwear without applied soles, knitted or crocheted ",""
"097030","P1900130","FCFS","143 Preferential tariff quota","CR","","2019-11-01","FCFS Quota number P1900130 for geography CR : Costa Rica on Other made-up clothing accessories, knitted or crocheted",""
"097031","P1900130","FCFS","143 Preferential tariff quota","CR","","2019-11-01","FCFS Quota number P1900130 for geography CR : Costa Rica on Men's or boys' overcoats, raincoats, car coats, capes, cloaks and similar articles, of man-made fibres",""
"097032","P1900130","FCFS","143 Preferential tariff quota","CR","","2019-11-01","FCFS Quota number P1900130 for geography CR : Costa Rica on Women's or girls' overcoats, raincoats, car coats, capes, cloaks and similar articles, of man-made fibres",""
"097033","P1900130","FCFS","143 Preferential tariff quota","CR","","2019-11-01","FCFS Quota number P1900130 for geography CR : Costa Rica on Men's or boys' suits, of wool or fine animal hair",""
"097034","P1900130","FCFS","143 Preferential tariff quota","CR","","2019-11-01","FCFS Quota number P1900130 for geography CR : Costa Rica on Men's or boys' suits, of synthetic fibres",""
"097035","P1900130","FCFS","143 Preferential tariff quota","CR","","2019-11-01","FCFS Quota number P1900130 for geography CR : Costa Rica on Men's or boys' jackets and blazers, of wool or fine animal hair",""
"097036","P1900130","FCFS","143 Preferential tariff quota","CR","","2019-11-01","FCFS Quota number P1900130 for geography CR : Costa Rica on Men's or boys' jackets and blazers, of synthetic fibres",""
"097037","P1900130","FCFS","143 Preferential tariff quota","CR","","2019-11-01","FCFS Quota number P1900130 for geography CR : Costa Rica on Men's or boys' trousers, bib and brace overalls, breeches and shorts, of wool or fine animal hair",""
"097038","P1900130","FCFS","143 Preferential tariff quota","CR","","2019-11-01","FCFS Quota number P1900130 for geography CR : Costa Rica on Men's or boys' trousers, bib and brace overalls, breeches and shorts, of synthetic fibres",""
"097039","P1900130","FCFS","143 Preferential tariff quota","CR","","2019-11-01","FCFS Quota number P1900130 for geography CR : Costa Rica on Women's or girls' jackets and blazers, of wool or fine animal hair",""
"097040","P1900130","FCFS","143 Preferential tariff quota","CR","","2019-11-01","FCFS Quota number P1900130 for geography CR : Costa Rica on Women's or girls' jackets and blazers, of synthetic fibres",""
"097041","P1900130","FCFS","143 Preferential tariff quota","CR","","2019-11-01","FCFS Quota number P1900130 for geography CR : Costa Rica on Women's or girls' skirts and divided skirts, of synthetic fibres",""
"097042","P1900130","FCFS","143 Preferential tariff quota","CR","","2019-11-01","FCFS Quota number P1900130 for geography CR : Costa Rica on Women's or girls' trousers, bib and brace overalls, breeches and shorts, of wool or fine animal hair",""
"097043","P1900130","FCFS","143 Preferential tariff quota","CR","","2019-11-01","FCFS Quota number P1900130 for geography CR : Costa Rica on Women's or girls' trousers, bib and brace overalls, breeches and shorts, of synthetic fibres",""
"097044","P1900130","FCFS","143 Preferential tariff quota","CR","","2019-11-01","FCFS Quota number P1900130 for geography CR : Costa Rica on Other garments, men's or boys', of man-made fibres",""
"097045","P1900130","FCFS","143 Preferential tariff quota","CR","","2019-11-01","FCFS Quota number P1900130 for geography CR : Costa Rica on Other garments, women's or girls', of man-made fibres",""
"097046","P1900130","FCFS","143 Preferential tariff quota","CR","","2019-11-01","FCFS Quota number P1900130 for geography CR : Costa Rica on Brassieres, whether or not knitted or crocheted",""
"097047","P1900130","FCFS","143 Preferential tariff quota","GT","","2019-11-01","FCFS Quota number P1900130 for geography GT : Guatemala on Women's or girls' trousers, bib and brace overalls, breeches and shorts, of cotton",""
"097048","P1900130","FCFS","143 Preferential tariff quota","GT","","2019-11-01","FCFS Quota number P1900130 for geography GT : Guatemala on Men's or boys' shirts, knitted or crocheted, of man-made fibres",""
"097049","P1900130","FCFS","143 Preferential tariff quota","GT","","2019-11-01","FCFS Quota number P1900130 for geography GT : Guatemala on Men's or boys' trousers, bib and brace overalls, breeches and shorts, of cotton",""
"097050","P1900130","FCFS","143 Preferential tariff quota","GT","","2019-11-01","FCFS Quota number P1900130 for geography GT : Guatemala on Men's or boys' trousers, bib and brace overalls, breeches and shorts, of synthetic fibres",""
"097051","P1900130","FCFS","143 Preferential tariff quota","GT","","2019-11-01","FCFS Quota number P1900130 for geography GT : Guatemala on Women's or girls' trousers, bib and brace overalls, breeches and shorts, of cotton",""
"097052","P1900130","FCFS","143 Preferential tariff quota","HN","","2019-11-01","FCFS Quota number P1900130 for geography HN : Honduras on Pantyhose, tights, stockings, socks and other hosiery, including graduated compression hosiery (for example, stockings for varicose veins) and footwear without applied soles, knitted or crocheted",""
"097053","P1900130","FCFS","143 Preferential tariff quota","HN","","2019-11-01","FCFS Quota number P1900130 for geography HN : Honduras on Men's or boys' shirts, of cotton",""
"097054","P1900130","FCFS","143 Preferential tariff quota","HN","","2019-11-01","FCFS Quota number P1900130 for geography HN : Honduras on Men's or boys' shirts, of man-made fibres",""
"097055","P1900130","FCFS","143 Preferential tariff quota","HN","","2019-11-01","FCFS Quota number P1900130 for geography HN : Honduras on Men's or boys' shirts, of other textile materials",""
"097056","P1900130","FCFS","143 Preferential tariff quota","HN","","2019-11-01","FCFS Quota number P1900130 for geography HN : Honduras on Women's or girls' blouses, shirts and shirt-blouses, of cotton",""
"097057","P1900130","FCFS","143 Preferential tariff quota","HN","","2019-11-01","FCFS Quota number P1900130 for geography HN : Honduras on Women's or girls' blouses, shirts and shirt-blouses, of man-made fibres",""
"097058","P1900130","FCFS","143 Preferential tariff quota","HN","","2019-11-01","FCFS Quota number P1900130 for geography HN : Honduras on Women's or girls' blouses, shirts and shirt-blouses, of other textile materials",""
"097059","P1900130","FCFS","143 Preferential tariff quota","HN","","2019-11-01","FCFS Quota number P1900130 for geography HN : Honduras on Brassieres, whether or not knitted or crocheted",""
"097060","P1900130","FCFS","143 Preferential tariff quota","HN","","2019-11-01","FCFS Quota number P1900130 for geography HN : Honduras on Ignition wiring sets and other wiring sets of a kind used in vehicles, aircraft or ships Other electric conductors, for a voltage not exceeding 1 000 V, fitted with connectors Other electric conductors, for a voltage not exceeding 1 000 V, not fitted with connectors Other electric conductors, for a voltage exceeding 1 000 V ",""
"097061","P1900130","FCFS","143 Preferential tariff quota","PA","","2019-11-01","FCFS Quota number P1900130 for geography PA : Panama on Men's or boys' ensembles, of cotton",""
"097062","P1900130","FCFS","143 Preferential tariff quota","PA","","2019-11-01","FCFS Quota number P1900130 for geography PA : Panama on Women's or girls' ensembles, of cotton",""
"097063","P1900130","FCFS","143 Preferential tariff quota","PA","","2019-11-01","FCFS Quota number P1900130 for geography PA : Panama on Women's or girls' blouses, shirts and shirt-blouses, knitted or crocheted, of cotton",""
"097064","P1900130","FCFS","143 Preferential tariff quota","PA","","2019-11-01","FCFS Quota number P1900130 for geography PA : Panama on Women's or girls' briefs and panties, knitted or crocheted, of cotton",""
"097065","P1900130","FCFS","143 Preferential tariff quota","PA","","2019-11-01","FCFS Quota number P1900130 for geography PA : Panama on T-shirts, singlets and other vests, knitted or crocheted, of cotton",""
"097066","P1900130","FCFS","143 Preferential tariff quota","PA","","2019-11-01","FCFS Quota number P1900130 for geography PA : Panama on Jerseys, pullovers, cardigans, waistcoats and similar articles, knitted or crocheted, of cotton",""
"097067","P1900130","FCFS","143 Preferential tariff quota","PA","","2019-11-01","FCFS Quota number P1900130 for geography PA : Panama on Babies' garments and clothing accessories, knitted or crocheted, of cotton",""
"097068","P1900130","FCFS","143 Preferential tariff quota","PA","","2019-11-01","FCFS Quota number P1900130 for geography PA : Panama on Pantyhose, tights, stockings, socks and other hosiery, including graduated compression hosiery (for example, stockings for varicose veins) and footwear without applied soles, knitted or crocheted",""
"097069","P1900130","FCFS","143 Preferential tariff quota","PA","","2019-11-01","FCFS Quota number P1900130 for geography PA : Panama on Men's or boys' ensembles, of cottonFrom 1.8.2013 to 31.12.2013",""
"097070","P1900130","FCFS","143 Preferential tariff quota","PA","","2019-11-01","FCFS Quota number P1900130 for geography PA : Panama on Men's or boys' trousers, bib and brace overalls, breeches and shorts, of cotton",""
"097071","P1900130","FCFS","143 Preferential tariff quota","PA","","2019-11-01","FCFS Quota number P1900130 for geography PA : Panama on Men's or boys' trousers, bib and brace overalls, breeches and shorts, of synthetic fibres",""
"097072","P1900130","FCFS","143 Preferential tariff quota","PA","","2019-11-01","FCFS Quota number P1900130 for geography PA : Panama on Men's or boys' shirts, of cotton",""
"097073","P1900130","FCFS","143 Preferential tariff quota","PA","","2019-11-01","FCFS Quota number P1900130 for geography PA : Panama on Women's or girls' blouses, shirts and shirt-blouses, of cotton",""
"097074","P1900130","FCFS","143 Preferential tariff quota","PA","","2019-11-01","FCFS Quota number P1900130 for geography PA : Panama on Babies' garments and clothing accessories, of cotton",""
"097075","P1900130","FCFS","143 Preferential tariff quota","SV","","2019-11-01","FCFS Quota number P1900130 for geography SV : El Salvador on Pantyhose, tights, stockings, socks and other hosiery, including graduated compression hosiery (for example, stockings for varicose veins) and footwear without applied soles, knitted or crocheted",""
"097076","P1900130","FCFS","143 Preferential tariff quota","SV","","2019-11-01","FCFS Quota number P1900130 for geography SV : El Salvador on Aluminium foil (whether or not printed) backed with paper, paperboard, plastics or similar backing materials) of a thickness (excluding any backing) not exceeding 0.2 mm",""
"097078","P1900130","FCFS","143 Preferential tariff quota","SV","","2019-11-01","FCFS Quota number P1900130 for geography SV : El Salvador on Women's or girls' overcoats, car coats, capes, cloaks, anoraks, incl. ski jackets, windcheaters, wind-jackets and similar articles of cotton, knitted or crocheted (excl. suits, ensembles, jackets, blazers, dresses, skirts, divided skirts, trousers, bib and brace overalls)",""
"097079","P1900130","FCFS","143 Preferential tariff quota","SV","","2019-11-01","FCFS Quota number P1900130 for geography SV : El Salvador on Women's or girls' overcoats, car coats, capes, cloaks, anoraks, incl. ski jackets, windcheaters, wind-jackets and similar articles of man-made fibres, knitted or crocheted (excl. suits, ensembles, jackets, blazers, dresses, skirts, divided skirts, trousers, bib and brace overalls)",""
"097080","P1900130","FCFS","143 Preferential tariff quota","SV","","2019-11-01","FCFS Quota number P1900130 for geography SV : El Salvador on Women's or girls' ensembles of cotton, knitted or crocheted (excl. ski ensembles and swimwear)",""
"097081","P1900130","FCFS","143 Preferential tariff quota","SV","","2019-11-01","FCFS Quota number P1900130 for geography SV : El Salvador on Women's or girls' dresses of cotton, knitted or crocheted (excl. petticoats)",""
"097082","P1900130","FCFS","143 Preferential tariff quota","SV","","2019-11-01","FCFS Quota number P1900130 for geography SV : El Salvador on Women's or girls' dresses of synthetic fibres, knitted or crocheted (excl. petticoats)",""
"097083","P1900130","FCFS","143 Preferential tariff quota","SV","","2019-11-01","FCFS Quota number P1900130 for geography SV : El Salvador on Women's or girls' dresses of artificial fibres, knitted or crocheted (excl. petticoats)",""
"097084","P1900130","FCFS","143 Preferential tariff quota","SV","","2019-11-01","FCFS Quota number P1900130 for geography SV : El Salvador on Women's or girls' trousers, bib and brace overalls, breeches and shorts of cotton, knitted or crocheted (excl. panties and swimwear)",""
"097085","P1900130","FCFS","143 Preferential tariff quota","SV","","2019-11-01","FCFS Quota number P1900130 for geography SV : El Salvador on Women's or girls' trousers, bib and brace overalls, breeches and shorts of synthetic fibres, knitted or crocheted (excl. panties and swimwear)",""
"097086","P1900130","FCFS","143 Preferential tariff quota","SV","","2019-11-01","FCFS Quota number P1900130 for geography SV : El Salvador on Women's or girls' overcoats, raincoats, car coats, capes, cloaks and similar articles, of cotton (excl. knitted or crocheted)",""
"097087","P1900130","FCFS","143 Preferential tariff quota","SV","","2019-11-01","FCFS Quota number P1900130 for geography SV : El Salvador on Women's or girls' overcoats, raincoats, car coats, capes, cloaks and similar articles, of man-made fibres (excl. knitted or crocheted)",""
"097088","P1900130","FCFS","143 Preferential tariff quota","SV","","2019-11-01","FCFS Quota number P1900130 for geography SV : El Salvador on Women's or girls' anoraks, windcheaters, wind jackets and similar articles, of cotton (not knitted or crocheted and excl. suits, ensembles, jackets, blazers, trousers and tops of ski suits)",""
"097089","P1900130","FCFS","143 Preferential tariff quota","SV","","2019-11-01","FCFS Quota number P1900130 for geography SV : El Salvador on Women's or girls' anoraks, windcheaters, wind jackets and similar articles, of man-made fibres (not knitted or crocheted and excl. suits, ensembles, jackets, blazers, trousers and tops of ski suits))",""
"097090","P1900130","FCFS","143 Preferential tariff quota","SV","","2019-11-01","FCFS Quota number P1900130 for geography SV : El Salvador on Men's or boys' trousers, bib and brace overalls, breeches and shorts, of cotton (excl. knitted or crocheted, underpants and swimwear)",""
"097091","P1900130","FCFS","143 Preferential tariff quota","SV","","2019-11-01","FCFS Quota number P1900130 for geography SV : El Salvador on Men's or boys' shirts of cotton (excl. knitted or crocheted, nightshirts, singlets and other vests)",""
"097092","P1900130","FCFS","143 Preferential tariff quota","SV","","2019-11-01","FCFS Quota number P1900130 for geography SV : El Salvador on Men's or boys' shirts of man-made fibres (excl. knitted or crocheted, nightshirts, singlets and other vests)",""
"097093","P1900130","FCFS","143 Preferential tariff quota","SV","","2019-11-01","FCFS Quota number P1900130 for geography SV : El Salvador on Men's or boys' underpants and briefs of cotton (excl. knitted or crocheted)",""
"097094","P1900130","FCFS","143 Preferential tariff quota","SV","","2019-11-01","FCFS Quota number P1900130 for geography SV : El Salvador on Men's or boys' underpants and briefs of textile materials (excl. cotton and knitted or crocheted)",""
"097095","P1900130","FCFS","143 Preferential tariff quota","SV","","2019-11-01","FCFS Quota number P1900130 for geography SV : El Salvador on Men's or boys' nightshirts and pyjamas of cotton (excl. knitted or crocheted, vests, singlets and underpants)",""
"097096","P1900130","FCFS","143 Preferential tariff quota","SV","","2019-11-01","FCFS Quota number P1900130 for geography SV : El Salvador on Men's or boys' nightshirts and pyjamas of man-made fibres (excl. knitted or crocheted, vests, singlets and underpants)",""
"097097","P1900130","FCFS","143 Preferential tariff quota","SV","","2019-11-01","FCFS Quota number P1900130 for geography SV : El Salvador on Men's or boys' singlets and other vests, bathrobes, dressing gowns and similar articles of cotton (excl. knitted or crocheted, underpants, nightshirts and pyjamas)",""
"097098","P1900130","FCFS","143 Preferential tariff quota","SV","","2019-11-01","FCFS Quota number P1900130 for geography SV : El Salvador on Men's or boys' singlets and other vests, bathrobes and dressing gowns of textile materials (excl. of cotton, knitted or crocheted, underpants, nightshirts and pyjamas)",""
"097099","P1900130","FCFS","143 Preferential tariff quota","SV","","2019-11-01","FCFS Quota number P1900130 for geography SV : El Salvador on Women's or girls' nightdresses and pyjamas of cotton (excl. knitted or crocheted, vests and negliges)",""
"097100","P1900130","FCFS","143 Preferential tariff quota","SV","","2019-11-01","FCFS Quota number P1900130 for geography SV : El Salvador on Women's or girls' nightdresses and pyjamas of man-made fibres (excl. knitted or crocheted, vests and negliges))",""
"097101","P1900130","FCFS","143 Preferential tariff quota","SV","","2019-11-01","FCFS Quota number P1900130 for geography SV : El Salvador on Women's or girls' singlets and other vests, briefs, panties, negliges, bathrobes, dressing gowns, housecoats and similar articles of cotton (excl. knitted or crocheted, slips, petticoats, nightdresses and pyjamas, brassières, girdles, corsets and similar articles)",""
"097102","P1900130","FCFS","143 Preferential tariff quota","SV","","2019-11-01","FCFS Quota number P1900130 for geography SV : El Salvador on Women's or girls' singlets and other vests, briefs, panties, negliges, bathrobes, dressing gowns, housecoats and similar articles of man-made fibres (excl. knitted or crocheted, slips, petticoats, nightdresses and pyjamas, brassières, girdles, corsets and similar articles)",""
"097103","P1900130","FCFS","143 Preferential tariff quota","SV","","2019-11-01","FCFS Quota number P1900130 for geography SV : El Salvador on Brassieres of all types of textile materials, whether or not elasticated, incl. knitted or crocheted",""
"097105","P1900130","FCFS","143 Preferential tariff quota","NI","","2019-11-01","FCFS Quota number P1900130 for geography NI : Nicaragua on Women's ensembles of synthetic fibres",""
"097106","P1900130","FCFS","143 Preferential tariff quota","NI","","2019-11-01","FCFS Quota number P1900130 for geography NI : Nicaragua on Cotton dresses",""
"097107","P1900130","FCFS","143 Preferential tariff quota","NI","","2019-11-01","FCFS Quota number P1900130 for geography NI : Nicaragua on Women's or girls' dresses of synthetic fibres",""
"097108","P1900130","FCFS","143 Preferential tariff quota","NI","","2019-11-01","FCFS Quota number P1900130 for geography NI : Nicaragua on Women's or girls' skirts and divided skirts of synthetic fibres, knitted or crocheted (excl. petticoats)",""
"097109","P1900130","FCFS","143 Preferential tariff quota","NI","","2019-11-01","FCFS Quota number P1900130 for geography NI : Nicaragua on Women's or girls' trousers, bib and brace overalls, breeches and shorts of synthetic fibres, knitted or crocheted",""
"097110","P1900130","FCFS","143 Preferential tariff quota","NI","","2019-11-01","FCFS Quota number P1900130 for geography NI : Nicaragua on Men's or boys' shirts of cotton, knitted or crocheted",""
"097111","P1900130","FCFS","143 Preferential tariff quota","NI","","2019-11-01","FCFS Quota number P1900130 for geography NI : Nicaragua on Women's or girls' blouses, shirts and shirt-blouses of cotton, knitted or crocheted",""
"097112","P1900130","FCFS","143 Preferential tariff quota","NI","","2019-11-01","FCFS Quota number P1900130 for geography NI : Nicaragua on Women's or girls' blouses, shirts and shirt-blouses of man-made fibres, knitted or crocheted",""
"097113","P1900130","FCFS","143 Preferential tariff quota","NI","","2019-11-01","FCFS Quota number P1900130 for geography NI : Nicaragua on Men's or boys' underpants and briefs of cotton, knitted or crocheted",""
"097114","P1900130","FCFS","143 Preferential tariff quota","NI","","2019-11-01","FCFS Quota number P1900130 for geography NI : Nicaragua on Men's or boys' underpants and briefs of man-made fibres, knitted or crocheted",""
"097115","P1900130","FCFS","143 Preferential tariff quota","NI","","2019-11-01","FCFS Quota number P1900130 for geography NI : Nicaragua on Women's or girls' briefs and panties of man-made fibres, knitted or crocheted",""
"097116","P1900130","FCFS","143 Preferential tariff quota","NI","","2019-11-01","FCFS Quota number P1900130 for geography NI : Nicaragua on T-shirts, singlets and other vests of cotton, knitted or crocheted",""
"097117","P1900130","FCFS","143 Preferential tariff quota","NI","","2019-11-01","FCFS Quota number P1900130 for geography NI : Nicaragua on T-shirts, singlets and other vests of other textile materials",""
"097118","P1900130","FCFS","143 Preferential tariff quota","NI","","2019-11-01","FCFS Quota number P1900130 for geography NI : Nicaragua on Men's or boys' ensembles of synthetic fibres (excl. knitted or crocheted, ski ensembles and swimwear)",""
"097119","P1900130","FCFS","143 Preferential tariff quota","NI","","2019-11-01","FCFS Quota number P1900130 for geography NI : Nicaragua on Men's or boys' trousers, bib and brace overalls, breeches and shorts, of cotton (excl. knitted or crocheted, underpants and swimwear)",""
"097120","P1900130","FCFS","143 Preferential tariff quota","NI","","2019-11-01","FCFS Quota number P1900130 for geography NI : Nicaragua on Men's or boys' trousers, bib and brace overalls, breeches and shorts of synthetic fibres (excl. knitted or crocheted, underpants and swimwear)",""
"097121","P1900130","FCFS","143 Preferential tariff quota","NI","","2019-11-01","FCFS Quota number P1900130 for geography NI : Nicaragua on Women's or girls' dresses of synthetic fibres (excl. knitted or crocheted and petticoats)",""
"097122","P1900130","FCFS","143 Preferential tariff quota","NI","","2019-11-01","FCFS Quota number P1900130 for geography NI : Nicaragua on Women's or girls' dresses of artificial fibres (excl. knitted or crocheted and petticoats)",""
"097123","P1900130","FCFS","143 Preferential tariff quota","NI","","2019-11-01","FCFS Quota number P1900130 for geography NI : Nicaragua on Women's or girls' trousers, bib and brace overalls, breeches and shorts of cotton (excl. knitted or crocheted, panties and swimwear)",""
"097124","P1900130","FCFS","143 Preferential tariff quota","NI","","2019-11-01","FCFS Quota number P1900130 for geography NI : Nicaragua on Women's or girls' trousers, bib and brace overalls, breeches and shorts of synthetic fibres (excl. knitted or crocheted, panties and swimwear)",""
"097125","P1900130","FCFS","143 Preferential tariff quota","NI","","2019-11-01","FCFS Quota number P1900130 for geography NI : Nicaragua on Men's or boys' shirts of cotton (excl. knitted or crocheted, nightshirts, singlets and other vests)",""
"097126","P1900130","FCFS","143 Preferential tariff quota","NI","","2019-11-01","FCFS Quota number P1900130 for geography NI : Nicaragua on Men's or boys' underpants and briefs of cotton (excl. knitted or crocheted)",""
"097127","P1900130","FCFS","143 Preferential tariff quota","NI","","2019-11-01","FCFS Quota number P1900130 for geography NI : Nicaragua on Men's or boys' underpants and briefs of textile materials (excl. cotton and knitted or crocheted)",""
"097128","P1900130","FCFS","143 Preferential tariff quota","NI","","2019-11-01","FCFS Quota number P1900130 for geography NI : Nicaragua on Men's or boys' nightshirts and pyjamas of cotton (excl. knitted or crocheted, vests, singlets and underpants)",""
"097129","P1900130","FCFS","143 Preferential tariff quota","NI","","2019-11-01","FCFS Quota number P1900130 for geography NI : Nicaragua on Men's or boys' nightshirts and pyjamas of man-made fibres (excl. knitted or crocheted, vests, singlets and underpants)",""
"097130","P1900130","FCFS","143 Preferential tariff quota","NI","","2019-11-01","FCFS Quota number P1900130 for geography NI : Nicaragua on Men's or boys' singlets and other vests, bathrobes, dressing gowns and similar articles of cotton (excl. knitted or crocheted, underpants, nightshirts and pyjamas)",""
"097131","P1900130","FCFS","143 Preferential tariff quota","NI","","2019-11-01","FCFS Quota number P1900130 for geography NI : Nicaragua on Women's or girls' nightdresses and pyjamas of cotton (excl. knitted or crocheted, vests and negliges)",""
"097132","P1900130","FCFS","143 Preferential tariff quota","NI","","2019-11-01","FCFS Quota number P1900130 for geography NI : Nicaragua on Women's or girls' nightdresses and pyjamas of man-made fibres (excl. knitted or crocheted, vests and negliges)",""
"097133","P1900130","FCFS","143 Preferential tariff quota","NI","","2019-11-01","FCFS Quota number P1900130 for geography NI : Nicaragua on Women's or girls' singlets and other vests, briefs, panties, negliges, bathrobes, dressing gowns, housecoats and similar articles of cotton (excl. knitted or crocheted, slips, petticoats, nightdresses and pyjamas, brassières, girdles, corsets and similar articles)",""
"097134","P1900130","FCFS","143 Preferential tariff quota","NI","","2019-11-01","FCFS Quota number P1900130 for geography NI : Nicaragua on Women's or girls' singlets and other vests, briefs, panties, negliges, bathrobes, dressing gowns, housecoats and similar articles of man-made fibres (excl. knitted or crocheted, slips, petticoats, nightdresses and pyjamas, brassières, girdles, corsets and similar articles)",""
"097135","P1900130","FCFS","143 Preferential tariff quota","NI","","2019-11-01","FCFS Quota number P1900130 for geography NI : Nicaragua on Brassieres of all types of textile materials, whether or not elasticated, incl. knitted or crocheted",""
"097136","P1900130","FCFS","143 Preferential tariff quota","NI","","2019-11-01","FCFS Quota number P1900130 for geography NI : Nicaragua on Girdles and panty girdles of all types of textile materials, whether or not elasticated, incl. knitted or crocheted (excl. belts and corselets made entirely of rubber)",""
"097137","P1900130","FCFS","143 Preferential tariff quota","NI","","2019-11-01","FCFS Quota number P1900130 for geography NI : Nicaragua on Corselettes of all types of textile materials, whether or not elasticated, incl. knitted or crocheted",""
"097138","P1900130","FCFS","143 Preferential tariff quota","NI","","2019-11-01","FCFS Quota number P1900130 for geography NI : Nicaragua on Corsets, braces, garters, suspenders and similar articles and parts thereof, incl. parts of brassieres, girdles, panty girdles and corselettes, of all types of textile materials, whether or not elasticated, incl. knitted or crocheted (excl. complete brassieres, girdles, panty girdles and corselettes)",""
"097140","P1900230","FCFS","143 Preferential tariff quota","CO","","2019-11-01","FCFS Quota number P1900230 for geography CO : Colombia on Other plates, sheets, films, foil and strip, of plastics, non-cellular and not-reinforced, laminated, supported or similarly combined with other materials","N"
"097141","P1900230","FCFS","143 Preferential tariff quota","CO","","2019-11-01","FCFS Quota number P1900230 for geography CO : Colombia on Women's or girl's brief and panties, knitted or crocheted, of man-made fibres","N"
"097142","P1900230","FCFS","143 Preferential tariff quota","CO","","2019-11-01","FCFS Quota number P1900230 for geography CO : Colombia on Men's or boy's swimwear, knitted or crocheted, of synthetic fibres","N"
"097143","P1900230","FCFS","143 Preferential tariff quota","CO","","2019-11-01","FCFS Quota number P1900230 for geography CO : Colombia on Woman's or girl's swimwear, knitted or crocheted, of synthetic fibres","N"
"097144","P1900230","FCFS","143 Preferential tariff quota","CO","","2019-11-01","FCFS Quota number P1900230 for geography CO : Colombia on Graduated compression hosiery (for example, stockings for varicose veins), knitted or crocheted","N"
"097145","P1900230","FCFS","143 Preferential tariff quota","CO","","2019-11-01","FCFS Quota number P1900230 for geography CO : Colombia on Other pantyhose and tights, of synthetic fibres, measuring per single yarn less than 67 decitex, knitted or crocheted","N"
"097146","P1900230","FCFS","143 Preferential tariff quota","CO","","2019-11-01","FCFS Quota number P1900230 for geography CO : Colombia on Other pantyhose and tights, of synthetic fibres, measuring per single yarn 67 decitex or more, knitted or crocheted","N"
"097147","P1900230","FCFS","143 Preferential tariff quota","CO","","2019-11-01","FCFS Quota number P1900230 for geography CO : Colombia on Other women's full-length or knee-length hosiery, measuring per single yarn less than 67 decitex","N"
"097148","P1900230","FCFS","143 Preferential tariff quota","CO","","2019-11-01","FCFS Quota number P1900230 for geography CO : Colombia on Other, of synthetic fibres, knitted or crocheted","N"
"097161","P1900230","FCFS","143 Preferential tariff quota","CO","","2019-11-01","FCFS Quota number P1900230 for geography CO : Colombia on Stoves, ranges, grates, cookers (including those with subsidiary boilers for central heating), barbecues, braziers, gas rings, plate warmers and similars nonelectric domestic appliances, and parts thereof, of iron or steel","N"
"097162","P1900230","FCFS","143 Preferential tariff quota","CO","","2019-11-01","FCFS Quota number P1900230 for geography CO : Colombia on Table, kitchen or other household articles and parts thereof, of iron or steel; iron or steel wool; pot scourers and scouring or polishing pads, gloves and the like, of iron or steel","N"
"097163","P1900230","FCFS","143 Preferential tariff quota","CO","","2019-11-01","FCFS Quota number P1900230 for geography CO : Colombia on Other cast articles of iron or steel","N"
"097170","P1900230","FCFS","143 Preferential tariff quota","PE","","2019-11-01","FCFS Quota number P1900230 for geography PE : Peru on Other plates, sheets, film, foil and strip, of plastics, non-cellular and not-reinforced, laminated, supported or similarly combined with other materials","N"
"097171","P1900230","FCFS","143 Preferential tariff quota","PE","","2019-11-01","FCFS Quota number P1900230 for geography PE : Peru on Twine and nets","N"
"097172","P1900230","FCFS","143 Preferential tariff quota","PE","","2019-11-01","FCFS Quota number P1900230 for geography PE : Peru on Women's or girl's briefs and panties, knitted or crocheted, of man-made fibres","N"
"097173","P1900230","FCFS","143 Preferential tariff quota","PE","","2019-11-01","FCFS Quota number P1900230 for geography PE : Peru on Men's or boy's swimwear, knitted or crocheted, of synthetic fibres","N"
"097174","P1900230","FCFS","143 Preferential tariff quota","PE","","2019-11-01","FCFS Quota number P1900230 for geography PE : Peru on Woman's or girl's swimwear, knitted or crocheted, of synthetic fibres","N"
"097175","P1900230","FCFS","143 Preferential tariff quota","PE","","2019-11-01","FCFS Quota number P1900230 for geography PE : Peru on Graduated compression hosiery (for example, stockings for varicose veins), knitted or crocheted","N"
"097176","P1900230","FCFS","143 Preferential tariff quota","PE","","2019-11-01","FCFS Quota number P1900230 for geography PE : Peru on Other pantyhose and tights, of synthetic fibres, measuring per single yarn less than 67 decitex, knitted or crocheted","N"
"097177","P1900230","FCFS","143 Preferential tariff quota","PE","","2019-11-01","FCFS Quota number P1900230 for geography PE : Peru on Other pantyhose and tights, of synthetic fibres, measuring per single yarn 67 decitex or more, knitted or crocheted","N"
"097178","P1900230","FCFS","143 Preferential tariff quota","PE","","2019-11-01","FCFS Quota number P1900230 for geography PE : Peru on Other women's full-length or knee-length hosiery, measuring per single yarn less than 67 decitex, knitted or crocheted","N"
"097179","P1900230","FCFS","143 Preferential tariff quota","PE","","2019-11-01","FCFS Quota number P1900230 for geography PE : Peru on Other, of synthetic fibres, knitted or crocheted","N"
"097192","P1900230","FCFS","143 Preferential tariff quota","PE","","2019-11-01","FCFS Quota number P1900230 for geography PE : Peru on Stoves, ranges, grates, cookers (including those with subsidiary boilers for central heating), barbecues, braziers, gas rings, plate warmers and similars nonelectric domestic appliances, and parts thereof, of iron or steel","N"
"097193","P1900230","FCFS","143 Preferential tariff quota","PE","","2019-11-01","FCFS Quota number P1900230 for geography PE : Peru on Table, kitchen or other household articles and parts thereof, of iron or steel; iron or steel wool; pot scourers and scouring or polishing pads, gloves and the like, of iron or steel","N"
"097194","P1900230","FCFS","143 Preferential tariff quota","PE","","2019-11-01","FCFS Quota number P1900230 for geography PE : Peru on Other cast articles of iron or steel","N"
"097195","P1900230","FCFS","143 Preferential tariff quota","PE","","2019-11-01","FCFS Quota number P1900230 for geography PE : Peru on Frozen mackerel Scomber scombrus and scomber japonicas","N"
"097196","P1900230","FCFS","143 Preferential tariff quota","PE","","2019-11-01","FCFS Quota number P1900230 for geography PE : Peru on Frozen anchovies (Engraulis spp.)","N"
"097197","P1900230","FCFS","143 Preferential tariff quota","PE","","2019-11-01","FCFS Quota number P1900230 for geography PE : Peru on Atlantic horse mackerel (Trachurus trachurus), frozen horse mackerel (Cranx trachurus), frozen","N"
"097198","P1900230","FCFS","143 Preferential tariff quota","PE","","2019-11-01","FCFS Quota number P1900230 for geography PE : Peru on Frozen squid (Ommastrephes spp. with the exclusion of Ommastrephes sagittatus, Nototodarus spp. and Sepioteuthis spp.), whether in shell or not","N"
"097199","P1900230","FCFS","143 Preferential tariff quota","PE","","2019-11-01","FCFS Quota number P1900230 for geography PE : Peru on Squid (Ommastrephes spp. with the exclusion of Ommastrephes sagittatus, Nototodarus spp. and Sepioteuthis spp.), dried, salted or in brine, whether in shell or not","N"
"097200","P1900230","FCFS","143 Preferential tariff quota","PE","","2019-11-01","FCFS Quota number P1900230 for geography PE : Peru on Fillets of mackerel of the species Scomber scombrus and scomber japonicus, prepared or preserved","N"
"097201","P1900230","FCFS","143 Preferential tariff quota","PE","","2019-11-01","FCFS Quota number P1900230 for geography PE : Peru on Mackerel of the species Scomber scombrus and scomber japonicus, prepared or preserved, whole or in pieces, but not minced, other than fillets","N"
"097202","P1900230","FCFS","143 Preferential tariff quota","PE","","2019-11-01","FCFS Quota number P1900230 for geography PE : Peru on Mackerel of the species Scomber australasicus, prepared or preserved, whole or in pieces, but not minced","N"
"097203","P1900230","FCFS","143 Preferential tariff quota","PE","","2019-11-01","FCFS Quota number P1900230 for geography PE : Peru on Anchovies, prepared or preserved, whole or in pieces, but not minced","N"
"097204","P1900230","FCFS","143 Preferential tariff quota","PE","","2019-11-01","FCFS Quota number P1900230 for geography PE : Peru on Prepared or preserved anchovies, other than whole or in pieces","N"
"097205","P1900230","FCFS","143 Preferential tariff quota","PE","","2019-11-01","FCFS Quota number P1900230 for geography PE : Peru on Molluscs, prepared or preserved, at the exception of mussels of the species Mytilus spp. and Perna spp.)","N"
"097210","P1900230","FCFS","143 Preferential tariff quota","PE","","2019-11-01","FCFS Quota number P1900230 for geography PE : Peru on Meat of bovine animals, fresh, chilled or frozen","N"
"097211","P1900230","FCFS","143 Preferential tariff quota","PE","","2019-11-01","FCFS Quota number P1900230 for geography PE : Peru on Buttermilk, curdled milk and cream, kephir and other fermented or acidified milk and cream, whether or not concentrated or containing added sugar or other sweetening matter or flavoured or containing added fruit, nuts or cocoa","N"
"097212","P1900230","FCFS","143 Preferential tariff quota","PE","","2019-11-01","FCFS Quota number P1900230 for geography PE : Peru on Butter and other fats and oils derived from milk; dairy spreads","N"
"097213","P1900230","FCFS","143 Preferential tariff quota","PE","","2019-11-01","FCFS Quota number P1900230 for geography PE : Peru on Cheese and curd","N"
"097214","P1900230","FCFS","143 Preferential tariff quota","PE","","2019-11-01","FCFS Quota number P1900230 for geography PE : Peru on Garlic","N"
"097215","P1900230","FCFS","143 Preferential tariff quota","PE","","2019-11-01","FCFS Quota number P1900230 for geography PE : Peru on Ice cream and other edible ice, whether or not containing cocoa","N"
"097216","P1900230","FCFS","143 Preferential tariff quota","PE","","2019-11-01","FCFS Quota number P1900230 for geography PE : Peru on Maize (corn), other than seed","N"
"097217","P1900230","FCFS","143 Preferential tariff quota","PE","","2019-11-01","FCFS Quota number P1900230 for geography PE : Peru on Mushrooms of the genus Agaricus, provisionally preserved, but unsuitable in that state for immediate consumption Mushrooms of the genus Agaricus, prepared or preserved otherwise than by vinegar or acetic acid","N"
"097218","P1900230","FCFS","143 Preferential tariff quota","PE","","2019-11-01","FCFS Quota number P1900230 for geography PE : Peru on Milk and cream, concentrated or containing added sugar or other sweetening matter, in powder, granules or other solid forms Milk and cream, containing added sugar or other sweetening matter, in other forms than powder, granules or other solid forms","N"
"097219","P1900230","FCFS","143 Preferential tariff quota","PE","","2019-11-01","FCFS Quota number P1900230 for geography PE : Peru on Milk and cream, concentrated but not containing added sugar or other sweetening matter, in other forms than powder, granules or other solid forms","N"
"097220","P1900230","FCFS","143 Preferential tariff quota","PE","","2019-11-01","FCFS Quota number P1900230 for geography PE : Peru on Meat of domestic swine, fresh, chilled or frozen","N"
"097221","P1900230","FCFS","143 Preferential tariff quota","PE","","2019-11-01","FCFS Quota number P1900230 for geography PE : Peru on Meat and edible offal other than livers, of the poultry of heading 0105, fresh, chilled or frozen Other meat, salted, in brine, dried or smoked; other edible flours and meals of meat or meat offal Other prepared or preserved meat, meat offal or blood, of liver of any animal or of poultry of heading 0105","N"
"097222","P1900230","FCFS","143 Preferential tariff quota","PE","","2019-11-01","FCFS Quota number P1900230 for geography PE : Peru on Rice, other than rice in the husk (paddy or rough) for sowing","N"
"097223","P1900230","FCFS","143 Preferential tariff quota","PE","","2019-11-01","FCFS Quota number P1900230 for geography PE : Peru on Rum and other spirits obtained by distilling fermented sugar-cane products, in containers holding more than 2 litres","N"
"097224","P1900230","FCFS","143 Preferential tariff quota","PE","","2019-11-01","FCFS Quota number P1900230 for geography PE : Peru on Sweetcorn Maize (corn), other than sweetcorn (Zea mays var. saccharata), otherwise prepared or preserved, not containing added spirit and added sugar","N"
"097225","P1900230","FCFS","143 Preferential tariff quota","PE","","2019-11-01","FCFS Quota number P1900230 for geography PE : Peru on Yogurt","N"
"097226","P1900230","FCFS","143 Preferential tariff quota","PE","","2019-11-01","FCFS Quota number P1900230 for geography PE : Peru on Sugars and glucose syrup","N"
"097227","P1900230","FCFS","143 Preferential tariff quota","PE","","2019-11-01","FCFS Quota number P1900230 for geography PE : Peru on Sugar confectionery and other products containing sugar","N"
"097230","P1900230","FCFS","143 Preferential tariff quota","CO","","2019-11-01","FCFS Quota number P1900230 for geography CO : Colombia on Meat of bovine animals, fresh, chilled or frozen, boneles","N"
"097231","P1900230","FCFS","143 Preferential tariff quota","CO","","2019-11-01","FCFS Quota number P1900230 for geography CO : Colombia on Mushrooms of the genus Agaricus, provisionally preserved, but unsuitable in that state for immediate consumption Mushrooms of the genus Agaricus, prepared or preserved otherwise than by vinegar or acetic acid","N"
"097232","P1900230","FCFS","143 Preferential tariff quota","CO","","2019-11-01","FCFS Quota number P1900230 for geography CO : Colombia on Rum and other spirits obtained by distilling fermented sugar-cane products, in containers holding more than 2 litres","N"
"097233","P1900230","FCFS","143 Preferential tariff quota","CO","","2019-11-01","FCFS Quota number P1900230 for geography CO : Colombia on Sweetcorn Maize (corn), other than sweetcorn (Zea mays var. saccharata), otherwise prepared or preserved, not containing added spirit and added sugar","N"
"097234","P1900230","FCFS","143 Preferential tariff quota","CO","","2019-11-01","FCFS Quota number P1900230 for geography CO : Colombia on Yogurt","N"
"097235","P1900230","FCFS","143 Preferential tariff quota","CO","","2019-11-01","FCFS Quota number P1900230 for geography CO : Colombia on Cane sugar, not containing added flavouring or colouring matter; cane or beet sugar and chemically pure sucrose, in solid form, other than raw sugar not containing added flavouring or colouring matter","N"
"097236","P1900230","FCFS","143 Preferential tariff quota","CO","","2019-11-01","FCFS Quota number P1900230 for geography CO : Colombia on Sugar confectionery","N"
"097237","P1900230","FCFS","143 Preferential tariff quota","CO","","2019-11-01","FCFS Quota number P1900230 for geography CO : Colombia on Milk and cream, containing added sugar ir other sweetening matter, not in powder, granules or other solid forms","N"
"097300","P1900130","FCFS","143 Preferential tariff quota","2200","","2019-11-01","FCFS Quota number P1900130 for geography 2200 : Central America on Meat of bovine animals, fresh, chilled or frozen",""
"097301","P1900130","FCFS","143 Preferential tariff quota","2200","","2019-11-01","FCFS Quota number P1900130 for geography 2200 : Central America on Garlic",""
"097302","P1900130","FCFS","143 Preferential tariff quota","2200","","2019-11-01","FCFS Quota number P1900130 for geography 2200 : Central America on Mushrooms of the genus Agaricus, provisionally preserved, but unsuitable in that state for immediate consumption Mushrooms of the genus Agaricus, prepared or preserved otherwise than by vinegar or acetic acid",""
"097303","P1900130","FCFS","143 Preferential tariff quota","2200","","2019-11-01","FCFS Quota number P1900130 for geography 2200 : Central America on Husked rice, long grain Semi-milled or wholly milled rice, long grain",""
"097304","P1900130","FCFS","143 Preferential tariff quota","2200","","2019-11-01","FCFS Quota number P1900130 for geography 2200 : Central America on Rum and other spirits obtained by distilling fermented sugar-cane products, in containers holding more than 2 litres",""
"097305","P1900130","FCFS","143 Preferential tariff quota","2200","","2019-11-01","FCFS Quota number P1900130 for geography 2200 : Central America on Sweetcorn",""
"097306","P1900130","FCFS","143 Preferential tariff quota","2200","","2019-11-01","FCFS Quota number P1900130 for geography 2200 : Central America on Manioc (cassava) starch",""
"097307","P1900130","FCFS","143 Preferential tariff quota","2200","","2019-11-01","FCFS Quota number P1900130 for geography 2200 : Central America on Cane or beet sugar and chemically pure sucrose, in solid form, other than raw sugar not containing added flavouring or colouring matter, etc.",""
"097310","P1900130","FCFS","143 Preferential tariff quota","PA","","2019-11-01","FCFS Quota number P1900130 for geography PA : Panama on Rum and other spirits obtained by distilling fermented sugar-cane products, in containers holding more than 2 litres",""
"097311","P1900130","FCFS","143 Preferential tariff quota","PA","","2019-11-01","FCFS Quota number P1900130 for geography PA : Panama on Cane or beet sugar and chemically pure sucrose, in solid form, other than raw sugar not containing added flavouring or colouring matter etc...",""
"097315","P1900130","FCFS","143 Preferential tariff quota","NI","","2019-11-01","FCFS Quota number P1900130 for geography NI : Nicaragua on Meat of bovine animals, fresh, chilled or frozen",""
"097501","P1900230","FCFS","143 Preferential tariff quota","EC","","2019-11-01","FCFS Quota number P1900230 for geography EC : Ecuador on Other plates, sheets, film, foil and strip, of plastics, non-cellular and not-reinforced, laminated, supported or similarly combined with other materials","N"
"097502","P1900230","FCFS","143 Preferential tariff quota","EC","","2019-11-01","FCFS Quota number P1900230 for geography EC : Ecuador on Women's or girl's briefs and panties, knitted or crocheted, of man-made fibres","N"
"097503","P1900230","FCFS","143 Preferential tariff quota","EC","","2019-11-01","FCFS Quota number P1900230 for geography EC : Ecuador on Men's or boy's swimwear, knitted or crocheted, of synthetic fibres","N"
"097504","P1900230","FCFS","143 Preferential tariff quota","EC","","2019-11-01","FCFS Quota number P1900230 for geography EC : Ecuador on Woman's or girl's swimwear, knitted or crocheted, of synthetic fibres","N"
"097505","P1900230","FCFS","143 Preferential tariff quota","EC","","2019-11-01","FCFS Quota number P1900230 for geography EC : Ecuador on Graduated compression hosiery (for example, stockings for varicose veins), knitted or crocheted","N"
"097506","P1900230","FCFS","143 Preferential tariff quota","EC","","2019-11-01","FCFS Quota number P1900230 for geography EC : Ecuador on Other pantyhose and tights, of synthetic fibres, measuring per single yarn less than 67 decitex, knitted or crocheted","N"
"097507","P1900230","FCFS","143 Preferential tariff quota","EC","","2019-11-01","FCFS Quota number P1900230 for geography EC : Ecuador on Other pantyhose and tights, of synthetic fibres, measuring per single yarn 67 decitex or more, knitted or crocheted","N"
"097508","P1900230","FCFS","143 Preferential tariff quota","EC","","2019-11-01","FCFS Quota number P1900230 for geography EC : Ecuador on Other women's full-length or knee-length hosiery, measuring per single yarn less than 67 decitex, knitted or crocheted","N"
"097509","P1900230","FCFS","143 Preferential tariff quota","EC","","2019-11-01","FCFS Quota number P1900230 for geography EC : Ecuador on Other hosiery, of synthetic fibres, knitted or crocheted","N"
"097510","P1900230","FCFS","143 Preferential tariff quota","EC","","2019-11-01","FCFS Quota number P1900230 for geography EC : Ecuador on Stoves, ranges, grates, cookers (including those with subsidiary boilers for central heating), barbecues, braziers, gas rings, plate warmers and similar non-electric domestic appliances, and parts thereof, of iron or steel","N"
"097511","P1900230","FCFS","143 Preferential tariff quota","EC","","2019-11-01","FCFS Quota number P1900230 for geography EC : Ecuador on Table, kitchen or other household articles and parts thereof, of iron or steel; iron or steel wool; pot scourers and scouring or polishing pads, gloves and the like, of iron or steel","N"
"097512","P1900230","FCFS","143 Preferential tariff quota","EC","","2019-11-01","FCFS Quota number P1900230 for geography EC : Ecuador on Other cast articles of iron or steel","N"
"097525","P1900230","FCFS","143 Preferential tariff quota","EC","","2019-11-01","FCFS Quota number P1900230 for geography EC : Ecuador on Garlic, fresh or chilled","N"
"097526","P1900230","FCFS","143 Preferential tariff quota","EC","","2019-11-01","FCFS Quota number P1900230 for geography EC : Ecuador on Sweetcorn, uncooked or cooked by steaming or by boiling in water, frozen Sweetcorn (Zea Mays var. Saccharata), prepared or preserved otherwise than by vinegar or acetic acid ","N"
"097527","P1900230","FCFS","143 Preferential tariff quota","EC","","2019-11-01","FCFS Quota number P1900230 for geography EC : Ecuador on Mushrooms of the genus Agaricus, provisionally preserved (for example, by sulphur dioxide gas, in brine, in sulphur water or in other preservative solutions), but unsuitable in that state for immediate consumption Mushrooms of the genus Agaricus, prepared or preserved otherwise than by vinegar or acetic acid ","N"
"097528","P1900230","FCFS","143 Preferential tariff quota","EC","","2019-11-01","FCFS Quota number P1900230 for geography EC : Ecuador on Sweetcorn","N"
"097529","P1900230","FCFS","143 Preferential tariff quota","EC","","2019-11-01","FCFS Quota number P1900230 for geography EC : Ecuador on Maize (excl. seed) Maize (corn) flour ","N"
"097530","P1900230","FCFS","143 Preferential tariff quota","EC","","2019-11-01","FCFS Quota number P1900230 for geography EC : Ecuador on Rice (at exclusion of rice in the husk, for sowing)","N"
"097531","P1900230","FCFS","143 Preferential tariff quota","EC","","2019-11-01","FCFS Quota number P1900230 for geography EC : Ecuador on Manioc (cassava) starch","N"
"097532","P1900230","FCFS","143 Preferential tariff quota","EC","","2019-11-01","FCFS Quota number P1900230 for geography EC : Ecuador on Raw cane sugar not containing added flavouring or colouring","N"
"097533","P1900230","FCFS","143 Preferential tariff quota","EC","","2019-11-01","FCFS Quota number P1900230 for geography EC : Ecuador on Sugar products","N"
"097534","P1900230","FCFS","143 Preferential tariff quota","EC","","2019-11-01","FCFS Quota number P1900230 for geography EC : Ecuador on Rum with a content of volatile substances other than ethyl and methyl alcohol equal to or exceeding 225 grams per hectolitre of pure alcohol (with a 10 % tolerance), in containers holding more than 2 litres Rum, in containers holding more than 2 litres, of a value not exceeding EUR 2 per litre of pure alcohol","N"

